ticker,name,market,country,sector,price,currency,high_52w,discount_52w,market_cap_mln,volume_k,smi,smi_ema,zone,signal,divergence_bull,divergence_desc,vol_confirm,rs_12m,eps_ttm,sales_ttm_mln,quick_ratio,roic,debt_equity,gross_margin,scanned_at,tech_score
ULS,ULS,USA,--,--,65.66,USD,107.54,38.9,13234.1,903.3,-88.15,-89.08,OVERSOLD,Strong BUY,False,,False,,,3053.0,1.32,0.2191,0.541,0.4946,2026-09-30T16:42:04.122225,7
WING,WING,USA,--,--,106.7,USD,302.8,64.8,2906.8,1277.1,-76.66,-77.68,OVERSOLD,Strong BUY,False,,False,,,696.9,3.26,0.3291,,0.4868,2026-09-30T16:42:12.850380,7
INOD,INOD,USA,--,--,65.89,USD,125.14,47.3,2265.5,1329.0,-36.04,-50.82,Bearish,Strong BUY,False,,False,,,251.7,2.68,0.8645,0.041,0.3953,2026-09-30T16:42:10.028590,6
PTON,PTON,USA,--,--,5.03,USD,9.2,45.3,2209.7,8583.3,-74.3,-71.8,OVERSOLD,Turning Up,False,,False,,,2446.0,2.58,0.6574,,0.526,2026-09-30T16:42:09.286081,4
LEN,LEN,USA,--,--,81.58,USD,133.76,39.0,19652.2,3164.6,-33.97,-36.54,Bearish,Strong BUY,False,,False,,,,,,,,2026-09-30T16:42:17.556487,4
ACMR,ACMR,USA,--,--,79.94,USD,127.19,37.1,5567.8,1081.5,-37.92,-46.18,Bearish,Strong BUY,False,,False,,,,,,,,2026-09-30T16:42:17.601654,4
HE,HE,USA,--,--,9.02,USD,17.38,48.1,1561.5,2202.2,-93.05,-91.65,OVERSOLD,Turning Up,False,,False,,,,,,,,2026-09-30T16:42:17.404861,2
ANNX,ANNX,USA,--,--,4.22,USD,7.18,41.2,800.0,3269.0,-73.73,-73.23,OVERSOLD,Turning Up,False,,False,,,,,,,,2026-09-30T16:42:17.449003,2
STRO,STRO,USA,--,--,16.27,USD,43.85,62.9,269.6,309.8,-82.46,-81.85,OVERSOLD,Turning Up,False,,False,,,,,,,,2026-09-30T16:42:17.456265,2
